{
  "image_path": "C:/workspace/msx/Load-MSX_14_0027 (1).jpg.jpeg",
  "params": {
    "x0": 1670.0,
    "y0": 632.7999999999998,
    "cell_w": 21.0,
    "cell_h": 36.0,
    "pitch_x": 21.75,
    "pitch_y": 36.2,
    "drift_x": 0.0,
    "drift_y": 0.0,
    "cols": 33,
    "rows": 7,
    "threshold": 160,
    "zoom": 1.236256544502618
  },
  "recognized": {
    "0,26": "5",
    "1,32": ","
  },
  "selected_cell": [
    32,
    1
  ]
}